estado_id,fecha_inicio,cantidad_miembros_F,titulo,resumen,monto_total_solicitado,fecha_finalizacion,proyecto_id,proyecto_fuente,palabras_clave,sexo_director,monto_financiado_adjudicado,monto_total_adjudicado,codigo_identificacion,cantidad_miembros_M,monto_financiado_solicitado,fondo_anpcyt,tipo_proyecto_id,moneda_id,año
1,2008/11/05 00:00:00.000,,Desarrollo a escala piloto de liposomas de verteporfina,No publicable,384996.5,2012/12/21 00:00:00.000,8051,ANPCYT,,M,190318.65,464959.37,ANR 600 CB 001/06,,190318.85,FONTAR,6,1,2008
1,2008/11/12 00:00:00.000,,Desarrollo de tecnología de cultivo de células madre de folículo piloso para principios activos aplicables en prácticas de implante capilar y fortalecimiento del cabello,No publicable,663677.72,2012/12/28 00:00:00.000,8052,ANPCYT,,F,300900.0,623177.72,ANR 600 NA 352/06,,329400.0,FONTAR,6,1,2008
1,2008/01/10 00:00:00.000,,Desarrollo de un Sistema de Administración Transdermal de Selegilina genérico al producto EMSAM.,No publicable,1176264.0,2012/07/27 00:00:00.000,8053,ANPCYT,,M,392730.0,924564.0,ANR 600 NA 208/06,,583830.0,FONTAR,6,1,2008
1,2008/09/24 00:00:00.000,,Desarrollo de un sistema de geoposicionamiento de alta presición en tiempo real,No publicable,241752.0,2012/07/03 00:00:00.000,8061,ANPCYT,,M,117500.0,241752.0,ANR 600 CO 002/06,,117500.0,FONTAR,6,1,2008
1,2008/05/23 00:00:00.000,,Desarrollo de una plantación modelo de una nueva especie frutal denominada baby kiwi,No publicable,193600.0,2011/04/01 00:00:00.000,8066,ANPCYT,,M,83800.0,177100.0,ANR 600 NA 029/06,,91800.0,FONTAR,6,1,2008
1,2008/11/25 00:00:00.000,,Desarrollo de ingeniería de procesos y producto para fabricación de hormonales segregados inyectables y puesta a punto de planta piloto para su fabricación.,No publicable,1440349.0,2009/06/26 00:00:00.000,8070,ANPCYT,,M,419048.0,1333097.0,ANR 600 NA 358/06,,599999.9,FONTAR,6,1,2008
1,2008/05/29 00:00:00.000,,Desarrollo tecnológico de un prototipo de horno de proceso para la industria de petróleo y gas,No publicable,701765.0,2010/01/15 00:00:00.000,8073,ANPCYT,,M,325865.0,702125.57,ANR 600 NA 136/06,,329615.0,FONTAR,6,1,2008
1,2008/01/10 00:00:00.000,,"IDENTIFICACION, EVALUACION, SELECCIÓN Y MULTIPLICACION DE CLONES DE LA VARIEDAD MALBEC PARA EL MEJORAMIENTO CUALITATIVO DE LOS VINOS ARGENTINOS.",No publicable,268280.74,2011/04/08 00:00:00.000,8076,ANPCYT,,M,113840.0,268280.74,ANR 600 NA 195/06,,113840.0,FONTAR,6,1,2008
1,2008/01/24 00:00:00.000,,Desarrollo de sistema integral de comunicaciones ip,No publicable,309497.44,2009/01/27 00:00:00.000,8079,ANPCYT,,M,130929.24,309497.44,ANR 600 NA 319/06,,144864.74,FONTAR,6,1,2008
1,2008/01/18 00:00:00.000,,"Desarrollo de un equipo semirremolque batea con caja de vuelco trasero, adaptable para transporte de áridos, barros y/o cereales, mediante la utilización de nuevos componentes y sistemas de conformado",No publicable,225787.2,2009/07/08 00:00:00.000,8081,ANPCYT,,S/D,112234.0,225787.2,ANR 600 NA 250/06,,112234.0,FONTAR,6,1,2008
1,2008/07/02 00:00:00.000,,Producción de Software con Nueva Metodología para la Generación de Aplicaciones OO - Segunda Etapa,No publicable,295630.0,2009/12/04 00:00:00.000,8084,ANPCYT,,M,142265.0,287730.0,ANR 600 NA 292/06,,145715.0,FONTAR,6,1,2008
1,2008/04/30 00:00:00.000,,Obtención de biopéptidos de la leche mediante nuevas tecnologías,No publicable,1084400.1,2011/08/12 00:00:00.000,8085,ANPCYT,,S/D,466055.08,990400.1,ANR 600 SF 030/06,,536555.08,FONTAR,6,1,2008
1,2008/09/01 00:00:00.000,,Desarrollo de un sistema integral de gestión para proyectos de ingeniería para refinerías de petróleo,No publicable,275500.0,2012/04/27 00:00:00.000,8089,ANPCYT,,M,128910.0,268700.0,ANR 600 ME 024/06,,134350.0,FONTAR,6,1,2008
1,2008/07/31 00:00:00.000,,Optimización del diseño de un prototipo de recolección de uva con generación de conocimiento aplicables a una solución tecnológica,No publicable,172976.0,2010/01/08 00:00:00.000,8094,ANPCYT,,S/D,72858.0,158376.0,ANR 600 NA 239/06,,86358.0,FONTAR,6,1,2008
1,2008/08/11 00:00:00.000,,"Desarrollos tecnológicos innovadores, en equipos de proceso y en productos, en una tradicional fábrica de cuchillos profesionales y deportivos.",No publicable,886604.8,2010/04/23 00:00:00.000,8095,ANPCYT,,M,30500.0,61199.0,ANR 600 BA 003/06,,440790.0,FONTAR,6,1,2008
1,2008/06/24 00:00:00.000,,Diseño y fabricación de todo el equipamiento necesario para planta elaboradora de almidón de mandioca para una capacidad de 1.000 Kg de raíces/día.,No publicable,109187.5,2010/02/23 00:00:00.000,8096,ANPCYT,,M,53300.0,109187.5,ANR 600 SF 031/06,,53300.0,FONTAR,6,1,2008
1,2008/09/09 00:00:00.000,,Prototipo de alambrado eléctrico móvil para ganadería.,No publicable,126400.0,2010/08/27 00:00:00.000,8100,ANPCYT,,M,63150.0,126400.0,ANR 600 NA 443/06,,63150.0,FONTAR,6,1,2008
1,2008/06/10 00:00:00.000,,Transmisión y análisis de la información espacial de producción agrícola en tiempo real para el manejo preciso de insumos y el control de las labores,No publicable,540000.0,2009/10/09 00:00:00.000,8101,ANPCYT,,M,218000.0,444700.0,ANR 600 NA 368/06,,270000.0,FONTAR,6,1,2008
1,2008/08/15 00:00:00.000,,"Desarrollo de prototipo de electrobisturí de corte y coagulación precisa, a baja potencia.",No publicable,110165.0,2012/09/28 00:00:00.000,8102,ANPCYT,,M,49687.5,110165.0,ANR 600 NA 413/06,,49687.5,FONTAR,6,1,2008
1,2008/08/15 00:00:00.000,,"Desarrollo de un espirómetro, que combina las prestaciones de espirometría, con estudios simplificados del sueño.",No publicable,139445.0,2012/10/05 00:00:00.000,8103,ANPCYT,,M,69460.0,139445.0,ANR 600 NA 412/06,,69460.0,FONTAR,6,1,2008
1,2008/01/09 00:00:00.000,,Desarrollo y puesta en régimen de prototipo de conformadora de tubos integrada con cortadora a medida para tubos de diámetros pequeños,No publicable,614248.0,2012/06/01 00:00:00.000,8107,ANPCYT,,M,281791.5,605368.0,ANR 600 NA 279/06,,289841.5,FONTAR,6,1,2008
1,2008/10/23 00:00:00.000,,Empresa de investigación y desarrollo de aditivos para alimentación animal y Humana,No publicable,1093402.5,2013/02/15 00:00:00.000,8108,ANPCYT,,M,406856.56,816190.55,ANR 600 NA 455/06,,540456.5,FONTAR,6,1,2008
1,2008/02/15 00:00:00.000,,Diseño y desarrollo de nueva blisteadora.,No publicable,333528.0,2009/10/16 00:00:00.000,8113,ANPCYT,,M,112250.0,321528.0,ANR 600 NA 372/06,,166764.0,FONTAR,6,1,2008
1,2008/05/26 00:00:00.000,,Primer diseño y desarrollo argentino de máquinas rectificadoras,No publicable,861905.2,2010/08/13 00:00:00.000,8115,ANPCYT,,M,408370.0,861905.2,ANR 600 NA 313/06,,408370.0,FONTAR,6,1,2008
1,2008/09/30 00:00:00.000,,Desarrollo de Ofuscador de Código Intermedio para .NET,No publicable,116400.0,2011/09/30 00:00:00.000,8124,ANPCYT,,M,45430.0,116400.0,ANR 600 NE 001/06,,49630.0,FONTAR,6,1,2008
1,2008/06/30 00:00:00.000,,Syncrum,No publicable,1202950.0,2010/09/24 00:00:00.000,8134,ANPCYT,,S/D,435966.6,871970.0,ANR 600 NA 384/06,,600000.0,FONTAR,6,1,2008
1,2008/09/02 00:00:00.000,,Desarrollo y optimización del proceso de producción de aditivo natural para nutrición animal,No publicable,523562.8,2011/05/27 00:00:00.000,8136,ANPCYT,,M,255800.0,523562.8,ANR 600 NA 298/06,,255800.0,FONTAR,6,1,2008
1,2008/11/13 00:00:00.000,,Obtención de eventos de Maíz con Resistencia al Virus de Mal de Río Cuarto (MRCV),No publicable,443930.0,2011/05/06 00:00:00.000,8137,ANPCYT,,M,115000.0,345480.0,ANR 600 NA 393/06,,211925.0,FONTAR,6,1,2008
1,2008/11/13 00:00:00.000,,Obtención y caracterización de líneas de maíz con tolerancia incrementada a sequía y salinidad mediante modificación genética,No publicable,411880.0,2011/11/18 00:00:00.000,8138,ANPCYT,,M,202340.0,404680.0,ANR 600 NA 394/06,,203450.0,FONTAR,6,1,2008
1,2008/09/10 00:00:00.000,,"Investigación, desarrollo y pruebas de eficacia de tres nuevos antiparasitarios",No publicable,1014972.0,2011/09/30 00:00:00.000,8141,ANPCYT,,M,228385.0,474398.0,ANR 600 NA 050/06,,478385.0,FONTAR,6,1,2008
1,2008/08/12 00:00:00.000,,Desarrollo de nuevas vacunas mediante tecnología de ADN recombinante para la prevención la hidatidosis ovina y bovina,No publicable,636651.58,2012/06/29 00:00:00.000,8142,ANPCYT,,F,314990.0,636651.58,ANR 600 NA 378/06,,314990.0,FONTAR,6,1,2008
1,2008/01/07 00:00:00.000,,Desarrollo de bactericidas inhibidores de olor compatible con envases hidrosolubles y su tecnología de envasamiento para uso en baños químicos.,No publicable,295625.14,2010/10/06 00:00:00.000,8144,ANPCYT,,M,95687.6,230825.2,ANR 600 NA 024/06,,141475.2,FONTAR,6,1,2008
1,2008/06/10 00:00:00.000,,Desarrollo de dos familias de válvulas para control automático con sus equipos de tratamiento de aire y desarrollo e implementación de las líneas piloto de producción y testeo,No publicable,1093053.78,2010/12/28 00:00:00.000,8145,ANPCYT,,M,261526.0,752600.03,ANR 600 NA 409/06,,515238.0,FONTAR,6,1,2008
1,2008/02/29 00:00:00.000,,DESARROLLO DE UNA SEMBRADORA AUTOTRANSPORTADA DE 9 METROS DE LABOR,No publicable,239658.0,2010/08/27 00:00:00.000,8147,ANPCYT,,M,119410.0,239658.0,ANR 600 NA 245/06,,119410.0,FONTAR,6,1,2008
1,2008/05/27 00:00:00.000,,Obtención no invasiva continua del grado de saturación funcional de oxígeno en la hemoglobina arterial (spo2) y frecuencia cardiaca. Desarrollo de un módulo OEM.,No publicable,288100.0,2010/11/18 00:00:00.000,8148,ANPCYT,,S/D,141900.0,288100.0,ANR 600 NA 179/06,,141900.0,FONTAR,6,1,2008
1,2008/08/28 00:00:00.000,,Generador diatermia por microondas,No publicable,258030.0,2011/09/09 00:00:00.000,8150,ANPCYT,,M,118655.0,258030.0,ANR 600 NA 017/06,,118655.0,FONTAR,6,1,2008
1,2008/01/09 00:00:00.000,,SLING PERCUTANEO para el tratamiento de la incontinencia urinaria femenina.,No publicable,695670.11,2009/03/20 00:00:00.000,8152,ANPCYT,,M,333927.52,695670.11,ANR 600 NA 085/06,,340609.61,FONTAR,6,1,2008
1,2008/07/02 00:00:00.000,,Construcción de Holter de arritmias con display gráfico y software de análisis e interpretación de señal,No publicable,197441.0,2009/08/14 00:00:00.000,8156,ANPCYT,,M,93600.0,197441.0,ANR 600 NA 323/06,,93600.0,FONTAR,6,1,2008
1,2008/11/05 00:00:00.000,,Desarrollo y Construcción de Prototipo de Máquina de medición y Testeo de Ruidos automáticos en Engranajes de Cajas de Cambio,No publicable,1281634.0,2011/07/22 00:00:00.000,8158,ANPCYT,,M,374100.0,1070674.0,ANR 600 CO 020/06,,585060.0,FONTAR,6,1,2008
1,2008/06/30 00:00:00.000,,Fabricación de pistones forjados para el uso en vehículos de competición o altas prestaciones,No publicable,1145979.33,2012/11/09 00:00:00.000,8161,ANPCYT,,M,497699.33,1145979.33,ANR 600 NA 387/06,,570869.33,FONTAR,6,1,2008
1,2008/01/15 00:00:00.000,,"Laboratorio piloto para el diseño y desarrollo de un prototipo de monitor multiparamétrico, para ser utilizado en cirugía, terapia intensiva, servicios de hemodinamia, anestesia e internación.",No publicable,186230.16,2010/07/23 00:00:00.000,8169,ANPCYT,,M,93000.0,186229.98,ANR 600 ER 003/06,,93000.0,FONTAR,6,1,2008
1,2008/06/24 00:00:00.000,,Desarrollo de vacunas inmunomoduladoras,No publicable,335360.0,2010/09/09 00:00:00.000,8171,ANPCYT,,M,161140.0,323360.0,ANR 600 NA 125/06,,161140.0,FONTAR,6,1,2008
1,2008/09/09 00:00:00.000,,Desarrollo de un sistema neumático inteligente para la siembra de parcelas,No publicable,155568.0,2009/11/06 00:00:00.000,8174,ANPCYT,,S/D,72283.99,155568.0,ANR 600 SF 025/06,,72283.99,FONTAR,6,1,2008
1,2008/07/14 00:00:00.000,,"Desarrollo de un nuevo modelo de sembradora con sistema auto trailer con distancia de siembra a 35 cm., novedoso sistema de levante y de nivelación del tren de siembra",No publicable,302640.0,2010/03/12 00:00:00.000,8175,ANPCYT,,F,122156.0,302640.0,ANR 600 NA 232/06,,151216.0,FONTAR,6,1,2008
1,2008/01/31 00:00:00.000,,Desarrollo de una rotoenfardadora con innovaciones tecnológicas,No publicable,232269.0,2009/05/22 00:00:00.000,8178,ANPCYT,,M,115988.0,232269.0,ANR 600 NA 009/06,,115988.0,FONTAR,6,1,2008
1,2008/09/24 00:00:00.000,,"Desarrollo de una planta de alimento balanceado a escala de prototipo, para hacienda con control electrónico central para una capacidad de 6 toneladas / horas",No publicable,96955.0,2010/05/15 00:00:00.000,8179,ANPCYT,,M,47750.0,96955.0,ANR 600 NA 248/06,,47750.0,FONTAR,6,1,2008
1,2008/06/24 00:00:00.000,,"Desarrollo de una Sembradora - Fertilizadora multipropósito para Semillas Finas (Trigo, Gramíneas, Pasturas, etc.) y Soja, adaptable a todo tipo de terreno y con tecnología de punta.",No publicable,261156.0,2009/07/17 00:00:00.000,8181,ANPCYT,,S/D,103680.0,261156.0,ANR 600 NA 234/06,,125868.0,FONTAR,6,1,2008
1,2008/06/18 00:00:00.000,,"Diseño y desarrollo de un pulverizador autopropulsado con una metodología conceptual y estructuralmente innovativa de i&d, al alcance del pequeño y mediano productor",No publicable,491950.8,2012/02/17 00:00:00.000,8182,ANPCYT,,S/D,189496.0,412136.6,ANR 600 NA 236/06,,235279.0,FONTAR,6,1,2008
1,2008/01/31 00:00:00.000,,Desarrollo de un prototipo comedero inteligente para animales,No publicable,132242.0,2013/01/04 00:00:00.000,8184,ANPCYT,,M,66090.0,132242.0,ANR 600 SF 024/06,,66090.0,FONTAR,6,1,2008
1,2008/06/25 00:00:00.000,,DESARROLLO DE UN PROTOTIPO DE SILO COLGADO CON INNOVACIONES TECNOLOFICAS ( incorporacion del sistema de pesaje) QUE LE DARA VENTAJAS APRECIABLES FRENTE A LA COMPETENCIA,No publicable,296533.0,2012/07/06 00:00:00.000,8186,ANPCYT,,M,95370.0,207732.0,ANR 600 NA 008/06,,148230.0,FONTAR,6,1,2008
1,2008/05/13 00:00:00.000,,Desarrollo de un prototipo de sembradora tipo air drill con características innovadoras que optimizarán el desempeño agronómico,No publicable,576115.0,2011/10/28 00:00:00.000,8190,ANPCYT,,M,247189.0,527815.0,ANR 600 NA 231/06,,287689.0,FONTAR,6,1,2008
1,2008/12/17 00:00:00.000,,"CONJUNTO HIDRAHLICO ELECTRICAMENTE ASISTIDO - Barra de pulverización accionada por cilindros hidrahulicos, comandada por una válvula que permita por accionamiento eléctrico cubrir todas las posiciones de apertura  y cierre sincronizada, desde un tablero electrico colocado en en la cabina del tractor.",No publicable,468734.0,2010/12/10 00:00:00.000,8191,ANPCYT,,M,118580.0,257174.0,ANR 600 NA 051/06,,224360.0,FONTAR,6,1,2008
1,2008/07/11 00:00:00.000,,Maquina cosechadora de ciruelas,No publicable,195178.0,2010/07/23 00:00:00.000,8192,ANPCYT,,M,75388.95,157916.9,ANR 600 ME 016/06,,97589.0,FONTAR,6,1,2008
1,2008/06/30 00:00:00.000,,"Desarrollo de un conjunto dosificador mecánico y neumático para la siembra monograno de soja, trigo y otras especies con transporte neumático para semilla y fertilizante",No publicable,417414.0,2011/10/28 00:00:00.000,8194,ANPCYT,,M,147610.0,393054.0,ANR 600 NA 247/06,,207930.0,FONTAR,6,1,2008
1,2008/04/17 00:00:00.000,,Dinamómetro electrónico,No publicable,257573.36,2008/08/29 00:00:00.000,8200,ANPCYT,,F,83240.0,247361.44,ANR 600 NA 332/06,,99360.0,FONTAR,6,1,2008
1,2008/08/06 00:00:00.000,,Desarrollo de suplementos nutricionales naturales para alimentación animal a base de harina de soja biotransformada con bacterias ácido lácticas.,No publicable,818700.0,2011/04/29 00:00:00.000,8206,ANPCYT,,M,365210.0,730500.02,ANR 600 NA 110/06,,409310.0,FONTAR,6,1,2008
1,2008/06/21 00:00:00.000,,"Desarrollo de un prototipo de sembradora modular de granos finos, adaptable a granos gruesos y pasturas con innovadora articulación entre módulos y lanza de trabajo plegable hidráulicamente.",No publicable,300356.0,2009/08/21 00:00:00.000,8209,ANPCYT,,M,120876.0,300356.0,ANR 600 NA 242/06,,149936.0,FONTAR,6,1,2008
1,2008/07/30 00:00:00.000,,Desarrollo de una sembradora de granos finos y gruesos con sistema de dosificación de alta precisión y mínima distancia entre líneas de siembra,No publicable,535482.9,2010/12/03 00:00:00.000,8210,ANPCYT,,M,138945.0,520982.9,ANR 600 SF 023/06,,257233.0,FONTAR,6,1,2008
1,2008/04/17 00:00:00.000,,Indicadores digitales de peso antiexplosivos,No publicable,333440.8,2008/10/17 00:00:00.000,8214,ANPCYT,,S/D,112603.0,299260.8,ANR 600 NA 189/06,,123333.0,FONTAR,6,1,2008
1,2008/12/10 00:00:00.000,,Monitor de pesaje on-board con comunicación de datos inalámbrica vía web.,No publicable,358620.0,2010/06/25 00:00:00.000,8215,ANPCYT,,M,139900.0,295440.0,ANR 600 NA 274/06,,178100.0,FONTAR,6,1,2008
1,2008/08/11 00:00:00.000,,Desarrollo de dispositivo indicador de posición de vástago.,No publicable,857232.59,2010/07/30 00:00:00.000,8217,ANPCYT,,M,217940.0,798912.73,ANR 600 NA 363/06,,239040.0,FONTAR,6,1,2008
1,2008/08/08 00:00:00.000,,Máquina biseladora,No publicable,214125.62,2009/01/09 00:00:00.000,8218,ANPCYT,,M,106397.59,214125.62,ANR 600 NA 019/06,,106397.59,FONTAR,6,1,2008
1,2008/06/27 00:00:00.000,,"Desarrollo y fabricación de unidades de tratamiento de aire (uta), con sistema de control especifico",No publicable,294929.0,2010/04/30 00:00:00.000,8219,ANPCYT,,M,52898.0,107638.0,ANR 600 NA 086/06,,147189.0,FONTAR,6,1,2008
1,2008/11/26 00:00:00.000,,"Desarrollo y fabricación de equipos para fertilización sólida, de aplicación variable y georeferenciada, con modulo de comunicacion automática de datos",No publicable,708510.2,2010/04/16 00:00:00.000,8227,ANPCYT,,M,282358.45,673510.2,ANR 600 NA 419/06,,349530.25,FONTAR,6,1,2008
1,2008/07/04 00:00:00.000,,Producción de Embriones Bovinos con sexo predeterminado,No publicable,1341608.0,2011/08/05 00:00:00.000,8228,ANPCYT,,M,359239.0,834486.0,ANR 600 CO 009/06,,600000.0,FONTAR,6,1,2008
1,2008/02/05 00:00:00.000,,Ceres comercialización java,No publicable,224792.0,2009/08/14 00:00:00.000,8230,ANPCYT,,M,86225.0,195492.0,ANR 600 NA 405/06,,106725.0,FONTAR,6,1,2008
1,2008/08/11 00:00:00.000,,Plataforma WEB de Gestión Integral de Micro Créditos y Capacitación.,No publicable,340000.0,2010/05/21 00:00:00.000,8231,ANPCYT,,M,144500.0,340000.0,ANR 600 NA 380/06,,144500.0,FONTAR,6,1,2008
1,2008/08/14 00:00:00.000,,Herramienta de desarrollo Java prdv2,No publicable,156680.0,2011/08/05 00:00:00.000,8235,ANPCYT,,M,74760.0,156680.0,ANR 600 NA 401/06,,74760.0,FONTAR,6,1,2008
1,2008/09/22 00:00:00.000,,Desarrollo de un sistema de punzado con actualización y mejora tecnológica de cañones y sus accesorios para la industria del petróleo y gas.,No publicable,763080.0,2010/04/09 00:00:00.000,8239,ANPCYT,,M,211000.0,579892.5,ANR 600 ME 018/06,,284000.0,FONTAR,6,1,2008
1,2008/05/21 00:00:00.000,,Desarrollo de equipo de refrigeración impulsado por motor a combustión para uso en conteiner y semiremolques,No publicable,117635.0,2011/07/22 00:00:00.000,8241,ANPCYT,,M,54750.0,115365.0,ANR 600 SF 032/06,,58660.0,FONTAR,6,1,2008
1,2008/08/08 00:00:00.000,,Máquina grabadora,No publicable,106391.61,2008/12/05 00:00:00.000,8245,ANPCYT,,M,53062.32,106391.61,ANR 600 NA 020/06,,53062.32,FONTAR,6,1,2008
1,2008/03/26 00:00:00.000,,Desarrollo de máquina automática dobladora de tubos con y sin costura de hasta 1 1/4' y 2 mm de espesor.,No publicable,173870.0,2010/10/22 00:00:00.000,8246,ANPCYT,,M,84970.0,173870.0,ANR 600 NA 464/06,,84970.0,FONTAR,6,1,2008
1,2008/06/26 00:00:00.000,,"Investigación y Desarrollo de un nuevo producto, azúcar integral con destino exportación",No publicable,872850.0,2009/12/30 00:00:00.000,8251,ANPCYT,,M,319500.0,658900.0,ANR 600 TU 015/06,,435500.0,FONTAR,6,1,2008
1,2008/07/04 00:00:00.000,,Xcontent .NET: desarrollo de una nueva plataforma para la administración y gestión de documentos digitales y el desarrollo de innovadoras herramientas asociadas.,No publicable,698536.66,2011/02/18 00:00:00.000,8259,ANPCYT,,M,349267.93,698536.66,ANR 600 NA 416/06,,349267.93,FONTAR,6,1,2008
1,2008/05/27 00:00:00.000,,Ampliación y Mejoras de las Funcionalidades de la Solución Tecnológica Integral 'AFM - Web File Manager,No publicable,198387.0,2009/01/23 00:00:00.000,8263,ANPCYT,,M,96340.0,198387.0,ANR 600 NA 003/06,,96340.0,FONTAR,6,1,2008
1,2008/07/01 00:00:00.000,,Desarrollo sistema integral de factoring net,No publicable,1320850.0,2011/05/13 00:00:00.000,8264,ANPCYT,,F,600000.0,1293250.0,ANR 600 NA 099/06,,600000.0,FONTAR,6,1,2008
1,2008/09/22 00:00:00.000,,Actualización y mejora tecnológica de mandriles y válvulas para la industria del petróleo y gas.,No publicable,633730.0,2010/05/14 00:00:00.000,8265,ANPCYT,,M,208600.0,539895.0,ANR 600 ME 019/06,,243100.0,FONTAR,6,1,2008
1,2008/11/04 00:00:00.000,,Fabricación de cerraduras electromecánicas de embutir y de aplicar con apertura electrónica,No publicable,1262139.65,2013/03/15 00:00:00.000,8266,ANPCYT,,M,529300.0,1126951.65,ANR 600 NA 381/06,,599300.0,FONTAR,6,1,2008
1,2008/08/21 00:00:00.000,,Diseño y construcción de un prototipo de Prensa Pelletera de Alta Producción con Pre-acondicionador de Tres Pasos.,No publicable,820464.0,2010/06/25 00:00:00.000,8269,ANPCYT,,M,253452.8,768906.0,ANR 600 SF 038/06,,375919.0,FONTAR,6,1,2008
1,2008/08/08 00:00:00.000,,Máquina Mecanizadora de Extremos,No publicable,192470.95,2009/01/09 00:00:00.000,8270,ANPCYT,,M,95099.35,192470.95,ANR 600 NA 021/06,,95099.35,FONTAR,6,1,2008
1,2008/01/21 00:00:00.000,,"Desarrollo de un Dispositivo Electrónico de Control Autónomo 'DECA', para su aplicación a maquinarias agrícolas precisas.",No publicable,335311.14,2009/08/14 00:00:00.000,8274,ANPCYT,,M,113253.5,281348.3,ANR 600 NA 237/06,,165453.5,FONTAR,6,1,2008
1,2008/06/11 00:00:00.000,,Tecnificación de procesos de manufactura en tomacorrientes domiciliarios,No publicable,268456.73,2009/06/05 00:00:00.000,8277,ANPCYT,,M,85927.0,268456.73,ANR 600 NA 261/06,,120121.39,FONTAR,6,1,2008
1,2008/08/02 00:00:00.000,,Critherra - herramientas asistentes para desarrollos web,No publicable,630615.0,2009/07/17 00:00:00.000,8279,ANPCYT,,M,277200.0,594615.0,ANR 600 NA 182/06,,313200.0,FONTAR,6,1,2008
1,2008/07/04 00:00:00.000,,Document payment lifecycle: desarrollo de un innovador sistema de gestión de facturas de terceros.,No publicable,331423.68,2009/09/11 00:00:00.000,8280,ANPCYT,,M,122761.0,245523.68,ANR 600 NA 417/06,,165711.84,FONTAR,6,1,2008
1,2008/02/05 00:00:00.000,,Ceres producción java.,No publicable,210930.0,2008/11/21 00:00:00.000,8282,ANPCYT,,M,95000.0,190630.0,ANR 600 NA 408/06,,104500.0,FONTAR,6,1,2008
1,2008/06/05 00:00:00.000,,Software Mantenimiento de Activos Empresariales (EAM) para Formaciones Ferroviarias,No publicable,277051.6,2010/02/26 00:00:00.000,8284,ANPCYT,,M,136250.0,274460.0,ANR 600 NA 046/06,,136250.0,FONTAR,6,1,2008
1,2008/10/07 00:00:00.000,,Desarrollo del producto (de software) 'Steel Manager',No publicable,419200.0,2011/10/21 00:00:00.000,8286,ANPCYT,,M,209000.0,419200.0,ANR 600 NA 068/06,,209000.0,FONTAR,6,1,2008
1,2008/02/05 00:00:00.000,,Ceres maquinarias java,No publicable,153535.0,2008/12/05 00:00:00.000,8287,ANPCYT,,M,54225.0,124235.0,ANR 600 NA 407/06,,76725.0,FONTAR,6,1,2008
1,2008/07/07 00:00:00.000,,"Desarrollo de un sistema de autorización, derivación y efectivizacion on line de prestaciones medicas",No publicable,423392.3,2010/08/27 00:00:00.000,8288,ANPCYT,,M,202441.5,423392.3,ANR 600 NA 192/06,,202441.5,FONTAR,6,1,2008
1,2008/06/12 00:00:00.000,,Financial service bus,No publicable,989578.0,2009/02/20 00:00:00.000,8291,ANPCYT,,M,468542.9,941578.0,ANR 600 NA 155/06,,493542.9,FONTAR,6,1,2008
1,2008/08/11 00:00:00.000,,"Desarrollo de un sistema integrado, para ensayos de válvulas bajo fuego.",No publicable,878265.67,2010/06/11 00:00:00.000,8292,ANPCYT,,M,217063.0,771645.81,ANR 600 NA 362/06,,262313.0,FONTAR,6,1,2008
1,2008/05/30 00:00:00.000,,"Desarrollo de una máquina electromecánica apiladora y dispensadora de chapas industriales, disminuyendo  riesgos laborales y  mejorando tiempos de almacenamiento  asociados a la incorporación de la materia prima a la línea de producción.",No publicable,441000.4,2011/05/06 00:00:00.000,8295,ANPCYT,,M,219324.0,441000.4,ANR 600 SF 017/06,,219324.0,FONTAR,6,1,2008
1,2008/09/03 00:00:00.000,,Desarrollo Innovador de Línea para Pelado de Frutos Secos,No publicable,151136.9,2011/05/27 00:00:00.000,8296,ANPCYT,,M,42513.7,151136.7,ANR 600 ME 004/06,,75446.7,FONTAR,6,1,2008
1,2008/04/15 00:00:00.000,,Optimización y escalado a planta piloto del proceso de producción de membranas de piel sustituta,No publicable,683485.8,2011/12/16 00:00:00.000,8312,ANPCYT,,F,339200.0,701800.0,ANR 600 NA 269/06,,339200.0,FONTAR,6,1,2008
1,2008/04/15 00:00:00.000,,Optimización y escalado a planta piloto del proceso de producción de apósitos para la liberación programada de Ag,No publicable,457319.8,2011/04/15 00:00:00.000,8313,ANPCYT,,F,226500.0,473471.6,ANR 600 NA 268/06,,226500.0,FONTAR,6,1,2008
1,2008/04/16 00:00:00.000,,Adecuación tecnológica de equipos de cosecha de caña de azúcar mediante el desarrollo de un sistema de media oruga a incorporar en la maquina cosechadora y la construcción de un carro autovolcable con neumáticos especiales para ampliar la época de cosecha,No publicable,1004048.22,2010/01/15 00:00:00.000,8316,ANPCYT,,M,336345.0,802547.7,ANR 600 TU 012/06,,501391.22,FONTAR,6,1,2008
1,2008/08/28 00:00:00.000,,Rediseño e implementación del sistema de seguimiento y control del proceso productivo para la optimización del sector de inyección de piezas de aluminio,No publicable,606454.0,2012/12/07 00:00:00.000,8317,ANPCYT,,M,281120.0,572854.0,ANR 600 NA 375/06,,297520.0,FONTAR,6,1,2008
1,2008/09/12 00:00:00.000,,"Desarrollo tecnológico de sistemas de climatización industrial, que comprende un prototipo y la ingeniería de 6 sistemas, estandarizados y modulares",No publicable,147989.0,2009/03/06 00:00:00.000,8319,ANPCYT,,M,73041.75,147989.0,ANR 600 BA 007/06,,73041.75,FONTAR,6,1,2008
1,2008/01/28 00:00:00.000,,"Desarrollo de una volqueta para transporte de áridos innovativa, con el motivo de lograr aumentar las ventas en el mercado interno, pero especialmente para la inserción al mercado venezolano",No publicable,149060.0,2011/12/02 00:00:00.000,8320,ANPCYT,,M,74270.0,149060.0,ANR 600 NA 235/06,,74270.0,FONTAR,6,1,2008
1,2008/06/12 00:00:00.000,,Diseño y desarrollo de un equipo innovador para el deshidratado de aceites lubricantes industriales,No publicable,262130.0,2011/03/18 00:00:00.000,8322,ANPCYT,,M,87600.0,231530.0,ANR 600 NA 047/06,,115400.0,FONTAR,6,1,2008
1,2008/01/07 00:00:00.000,,"Rediseño estratégico de los componentes de las estufas para innovar sobre el proceso productivo, mejorando la competitividad y eficiencia de la empresa.",No publicable,82345.0,2008/12/12 00:00:00.000,8324,ANPCYT,,M,39020.0,82345.0,ANR 600 SF 016/06,,39020.0,FONTAR,6,1,2008
1,2008/06/12 00:00:00.000,,Desarrollo experimental a escala piloto de diferentes variedades de perales en el Valle Medio de Río Negro.,No publicable,1253562.0,2011/08/12 00:00:00.000,8325,ANPCYT,,M,431308.0,925168.0,ANR 600 NA 218/06,,598212.5,FONTAR,6,1,2008
1,2008/05/23 00:00:00.000,,"Programa piloto de introducción de vides para la producción de vinos de la variedad MALBEC, MERLOT, SYRAK, CAVERNET SAUVIGNON, CHARDONAY SAUVIGNON BLANC, y Tanat en los Departamentos de Paraná y Victoria de la Provincia de Entre Ríos. Bodega preparada para microvinificaciones para analizar la calidad enologica de los varietales y sus clones introducidos",No publicable,412397.0,2012/10/29 00:00:00.000,8326,ANPCYT,,M,127750.0,280483.0,ANR 600 ER 008/06,,203088.0,FONTAR,6,1,2008
1,2008/02/06 00:00:00.000,,Desarrollo de un sistema de información sensorial de vinos,No publicable,142702.0,2010/11/12 00:00:00.000,8327,ANPCYT,,M,66250.0,142701.97,ANR 600 ME 020/06,,66250.0,FONTAR,6,1,2008
1,2008/11/28 00:00:00.000,,Desarrollo de nuevo producto(Confidencial),No publicable,981988.0,2009/06/09 00:00:00.000,8436,ANPCYT,,M,273500.0,981988.0,ANR 300 ER 008/05,,273500.0,FONTAR,1,1,2008
1,2008/11/06 00:00:00.000,,"Sistema automatico de programación del transito urbano, con control de emergencias, deteccion de infracciones y paradas inteligentes del transporte publico utilizando redes de transito, posicion georeferencial y plataforma de comunicaciones GSM/GPRS",No publicable,664824.0,2012/11/02 00:00:00.000,8455,ANPCYT,,M,214100.0,523664.0,ANR 600 SF022/08,,320000.0,FONTAR,1,1,2008
1,2008/12/02 00:00:00.000,,DESARROLLO DE UN SISTEMA DE MONITEREO Y CONTROL  A DISTANCIA DE PROCESOS ELECTROLÍTICOS INDUSTRIALES,No publicable,381920.0,2012/07/20 00:00:00.000,8480,ANPCYT,,M,134000.0,277800.0,ANR 600 CO014/08,,177500.0,FONTAR,1,1,2008
1,2008/02/25 00:00:00.000,,Desarrollo de radioterapia de intensidad modulada (IMRT),No publicable,243204.0,2012/04/13 00:00:00.000,8530,ANPCYT,,M,115382.0,243204.0,ANR 300 CO 021/05,,115382.0,FONTAR,1,1,2008
1,2008/12/15 00:00:00.000,,Máquina para Procesamiento y Clasificación de Rodillos de Pintura de Cuero Lanar Natural,No publicable,928864.0,2011/10/28 00:00:00.000,8561,ANPCYT,,M,454400.0,928864.0,ANR 600 NA093/08,,454400.0,FONTAR,1,1,2008
1,2008/10/28 00:00:00.000,,"Desarrollo de una solución integral para la administración remota de medidores de consumo eléctrico vía Internet, con comunicación bidireccional en tiempo real, que permita su parametrización y la gestión y control de toda la información suministrada por los mismos.",No publicable,336793.27,2010/08/06 00:00:00.000,8575,ANPCYT,,M,92500.0,336793.27,ANR 600 NA046/08,,104500.0,FONTAR,1,1,2008
1,2008/10/29 00:00:00.000,,Desarrollo de un sistema administrador de la fuerza de trabajo integrado para Call Center,No publicable,537618.6,2010/01/22 00:00:00.000,8579,ANPCYT,,M,231096.48,521429.08,ANR 600 NA251/08,,262286.0,FONTAR,1,1,2008
1,2008/12/16 00:00:00.000,,"Diseño, Montaje y Puesta en marcha de un Equipo Multifunción de Alto Rendimiento para el Monitoreo del Estado de los pavimentos y las condiciones de Seguridad Vial",No publicable,789100.0,2010/09/24 00:00:00.000,8722,ANPCYT,,S/D,394350.0,789100.0,ANR 600 NA132/08,,394350.0,FONTAR,1,1,2008
1,2008/12/10 00:00:00.000,,"DESARROLLO DE PROTOTIPOS DE TANQUES CRIOGENICOS VERTICALES PARA CADA UNO DE LOS SIGUIENTES MODELOS: 900, 1500 Y 3000 GALONES",No publicable,1198615.08,2012/08/17 00:00:00.000,8849,ANPCYT,,M,410661.5,938241.88,ANR 600 NA017/08,,597962.29,FONTAR,1,1,2008
1,2008/12/15 00:00:00.000,,DESARROLLO TECNOLOGICO DE UN NUEVO MODELO DE SECARROPAS CENTRIFUGO CON INNOVACIÓN A NIVEL MUNDIAL.,No publicable,407151.82,2012/12/07 00:00:00.000,8862,ANPCYT,,M,203516.0,407151.82,ANR 600 SF033/08,,203516.0,FONTAR,1,1,2008
1,2008/10/22 00:00:00.000,,'Sistema Electrónico de Monitoreo Remoto para Detención Domiciliaria - SEMAD',No publicable,284216.24,2009/09/18 00:00:00.000,8878,ANPCYT,,M,125000.0,254216.24,ANR 600 NA224/08,,140000.0,FONTAR,1,1,2008
1,2008/12/11 00:00:00.000,,Desarrollo de Equipo Indentador para determinar propiedades mecánicas en materiales metálicos,No publicable,186800.0,2010/09/10 00:00:00.000,8986,ANPCYT,,M,62000.0,139150.0,ANR 600 NA121/08,,74000.0,FONTAR,1,1,2008
1,2008/11/13 00:00:00.000,,"Desarrollo de una 'Grabadora de Conversaciones Telefónicas' para contact center, compatible y complementaria a la tecnología Avaya para este sector de actividad",No publicable,258700.0,2010/03/12 00:00:00.000,9003,ANPCYT,,M,129000.0,258700.0,ANR 600 NA145/08,,129000.0,FONTAR,1,1,2008
1,2008/12/10 00:00:00.000,,Bio-OPTICAL PASS,No publicable,367890.0,2012/07/27 00:00:00.000,9004,ANPCYT,,M,183490.0,367890.0,ANR 600 NA107/08,,183490.0,FONTAR,1,1,2008
1,2008/11/04 00:00:00.000,,Libro de Registro digital de documentos,No publicable,304846.84,2010/07/08 00:00:00.000,9007,ANPCYT,,M,152165.1,304846.84,ANR 600 NA183/08,,152165.1,FONTAR,1,1,2008
1,2008/10/14 00:00:00.000,,DESARROLLO DE UNA SOLUCIÓN INTEGRAL PARA LA ADMINISTRACIÓN DE SINIESTROS DE INNOVACIÓN EN EL MERCADO NACIONAL .,No publicable,419768.6,2010/03/12 00:00:00.000,9009,ANPCYT,,M,175807.41,353761.1,ANR 600 NA016/08,,209807.41,FONTAR,1,1,2008
1,2008/10/31 00:00:00.000,,Desarrollo de productos veterinarios biotecnológicos mediante la utilización de las IgY (Inmunoglobulinas de yema de huevo),No publicable,764393.98,2012/07/13 00:00:00.000,9086,ANPCYT,,M,336008.0,764393.98,ANR 600 NA244/08,,336008.0,FONTAR,1,1,2008
1,2008/12/10 00:00:00.000,,DESARROLLO DE TECNOLOGIA DE PULTRUSION PARA  LA FABRICACION DE PERFILES ESTRUCTURALES,No publicable,605228.2,2011/12/29 00:00:00.000,9113,ANPCYT,,M,302590.0,605228.2,ANR 600 NA034/08,,302590.0,FONTAR,1,1,2008
1,2008/12/09 00:00:00.000,,Desearrollo de equipo para polisomnografia ambulatoria,No publicable,351132.8,2013/11/01 00:00:00.000,9132,ANPCYT,,M,174930.0,351132.8,ANR 600 NA114/08,,174930.0,FONTAR,1,1,2008
1,2008/11/06 00:00:00.000,,Balanza portatil para pesaje por ejes de vehiculos,No publicable,547850.0,2009/06/19 00:00:00.000,9170,ANPCYT,,F,262645.0,547850.0,ANR 600 NA030/08,,262645.0,FONTAR,1,1,2008
1,2008/03/20 00:00:00.000,,Automatismo y Optimización de Procesos Industriales para Aserraderos de Misiones y Corrientes.,No publicable,295466.13,2010/03/03 00:00:00.000,9223,ANPCYT, ,M,128953.92,280466.4,ANR 200 FOR 001/07,,143953.92,FONTAR,1,1,2008
1,2008/12/16 00:00:00.000,,ENVASADORA AUTOMATICA DE BIDONES DE 2 A 5 LT PARA PRODUCTOS VARIOS,No publicable,178168.0,2009/12/11 00:00:00.000,9501,ANPCYT,,M,87709.0,175418.0,ANR 600 SF020/08,,88838.0,FONTAR,1,1,2008
1,2008/11/27 00:00:00.000,,Plataforma VAST (Video Ad Serving Technology),No publicable,155846.2,2012/05/18 00:00:00.000,9580,ANPCYT,,M,54000.0,155846.2,ANR 600 CO027/08,,77000.0,FONTAR,1,1,2008
1,2008/11/20 00:00:00.000,,Solucion Integral para la Industria de Impresión Digital en Gran Formato,No publicable,313225.0,2012/07/06 00:00:00.000,9581,ANPCYT,,M,122012.5,250900.0,ANR 600 NA190/08,,153812.5,FONTAR,1,1,2008
1,2008/12/15 00:00:00.000,,PROTOTITPO DE DESUERADORA PREPRENSA DE FONDO MÓVIL Y OPERACIÓN AUTOMATICA,No publicable,203217.8,2009/06/05 00:00:00.000,9599,ANPCYT,,S/D,101328.77,203217.8,ANR 600 NA008/08,,101328.77,FONTAR,1,1,2008
1,2008/12/03 00:00:00.000,,Desarrollo de equipos innovadores para proceso de elaboración de vino,No publicable,199711.86,2010/09/10 00:00:00.000,9600,ANPCYT,,M,83366.29,197794.57,ANR 600 ME012/08,,98801.29,FONTAR,1,1,2008
1,2008/11/10 00:00:00.000,,Secador de lecho fluido,No publicable,485280.0,2010/12/17 00:00:00.000,9615,ANPCYT,,M,227000.0,460240.0,ANR 600 NA073/08,,237700.0,FONTAR,1,1,2008
1,2008/10/27 00:00:00.000,,DISEÑO Y CONSTRUCCION DE ROBOT DE ALTA VELOCIDAD PARA APLICACIÓN DE JUNTAS DE POLIURETANO EN GABINETES ELECTRICOS,No publicable,376900.0,2010/07/23 00:00:00.000,9633,ANPCYT,,M,188400.0,376900.0,ANR 600 NA162/08,,188400.0,FONTAR,1,1,2008
1,2008/11/19 00:00:00.000,,"DESARROLLO DE PLATAFORMA TECNOLÓGICA INNOVADORA EN LUMINARIA DE EMERGENCIA CON NUEVAS CARACTERÍSTICAS, APLICACIONES Y FUNCIONALIDADES. DISEÑO Y DESARROLLO DE SUS TECNOLOGÍAS DE FABRICACIÓN. PROTOTIPOS Y PLANTA PILOTO.",No publicable,595662.8,2011/07/29 00:00:00.000,9637,ANPCYT,,M,204460.0,413162.8,ANR 600 NA062/08,,297810.0,FONTAR,1,1,2008
1,2008/12/16 00:00:00.000,,"Desarrollo de Módulos de Plan de Carrera, Organigrama e Interfases con ERP",No publicable,255460.0,2009/11/13 00:00:00.000,9647,ANPCYT,,M,127000.0,255460.0,ANR 600 NA108/08,,127000.0,FONTAR,1,1,2008
1,2008/12/23 00:00:00.000,,DIAGNOSTICO ACTIVO,No publicable,215625.0,2010/10/08 00:00:00.000,9693,ANPCYT,,M,98700.0,215625.0,ANR 600 NA022/08,,107200.0,FONTAR,1,1,2008
1,2008/12/09 00:00:00.000,,Investigación y Desarrollo para ampliar e industrializar el uso analítico de la Resonancia Magnética,No publicable,1005709.6,2009/12/04 00:00:00.000,9738,ANPCYT,,M,385586.0,907639.6,ANR 600 CO076/08,,483656.0,FONTAR,1,1,2008
1,2008/11/24 00:00:00.000,,DESARROLLO DE UNA HERRAMIENTA DE REVISIÓN DE CÓDIGO ABAP,No publicable,122030.0,2010/03/05 00:00:00.000,9893,ANPCYT,,M,57056.0,122030.0,ANR 600 NA208/08,,57056.0,FONTAR,1,1,2008
1,2008/12/18 00:00:00.000,,"ANÁLISIS Y DESARROLLO DE UN SOFTWARE PARA SISTEMA DE SEGUROS DE SALUD BAJO NORMAS DE CERTIFICACIÓN CMMI-2, OPERANDO EN  MODALIDAD ASP PARA EXPORTACIÓN",No publicable,639422.0,2011/03/04 00:00:00.000,9895,ANPCYT,,M,310000.0,639422.0,ANR 600 NA090/08,,310000.0,FONTAR,1,1,2008
1,2008/09/24 00:00:00.000,,DESARROLLO E INNOVACIÓN DE TINTAS INDICADORAS PARA EL CONTROL DE PROCESOS DE ESTERILIZACIÓN.,No publicable,945913.14,2014/04/30 00:00:00.000,9933,ANPCYT,,M,459795.0,945913.64,ANR 600 NA143/08,,459795.0,FONTAR,1,1,2008
1,2008/11/11 00:00:00.000,,Mejora del desempeño ambiental de la firma mdiante la introducción de un proceso de filtrado que permite minimizar el volumen de residuos de la producción de sulfato de aluminio y posibilita su reciclaje como materia prima para la industria de la construcción,No publicable,384180.0,2009/10/16 00:00:00.000,10042,ANPCYT,,F,154500.0,310860.0,ANR PL NA005/07,,191600.0,FONTAR,5,1,2008
1,2008/08/29 00:00:00.000,,REINGENIERIA PARA PRODUCCION MAS LIMPIA EN EL SECTOR DE PINTURA DE MUEBLES METALICOS DE JOHNSON ACERO S.A.I.C.,No publicable,140038.0,2009/09/11 00:00:00.000,10046,ANPCYT,,M,70019.0,140038.0,ANR PL SF012/07,,70019.0,FONTAR,5,1,2008
1,2008/08/25 00:00:00.000,,Mejora del desempeño ambiental en la elaboración del aceite de oliva,No publicable,702187.33,2010/05/21 00:00:00.000,10052,ANPCYT,,M,300000.0,740803.19,ANR PL NA014/07,,300000.0,FONTAR,5,1,2008
1,2008/11/25 00:00:00.000,,REINGENIERÍA DEL PROCESO DE PRODUCCIÓN DE FIELTROS PARA APROVECHAMIENTO DE DESPERDICIOS Y AHORRO DE ENERGÍA,No publicable,644862.01,2010/03/05 00:00:00.000,10057,ANPCYT,,M,297165.64,640362.0,ANR PL NA065/07,,300000.0,FONTAR,5,1,2008
1,2008/12/30 00:00:00.000,,"'Mejora del desempeño ambiental y competitividad de una empresa fundidora, mediante la aplicación de producción más limpia, mejoras en su proceso productivo y desarrollo de un sistema innovador de recicIado de arena de moldeo'.",No publicable,157515.0,2011/06/24 00:00:00.000,10065,ANPCYT,,M,74618.0,157515.0,ANR PL SF006/07,,74618.0,FONTAR,5,1,2008
1,2008/08/26 00:00:00.000,,Readaptación tecnológica y saneamiento industrial en el proceso de refinado y envasado de sal.,No publicable,566206.05,2009/10/02 00:00:00.000,10068,ANPCYT,,S/D,282801.0,566206.0,ANR PL SF003/07,,282801.0,FONTAR,5,1,2008
1,2008/10/28 00:00:00.000,,Desarrollo de promotores biológicos de crecimiento,No publicable,907567.45,2009/12/23 00:00:00.000,10069,ANPCYT,,M,252219.0,507567.45,ANR PL NA026/07,,272256.5,FONTAR,5,1,2008
1,2008/11/01 00:00:00.000,,Desarrollo de bio insecticidas a escala industrial,No publicable,969950.0,2009/08/14 00:00:00.000,10070,ANPCYT,,M,277000.0,569950.0,ANR PL NA027/07,,292537.5,FONTAR,5,1,2008
1,2008/09/09 00:00:00.000,,'Diseño y construcción de un sistema de concentrado de suero e implementación de buenas prácticas para la gestión eficiente de residuos y disminución de impactos abientales',No publicable,218456.0,2010/12/10 00:00:00.000,10074,ANPCYT,,M,108722.0,218456.0,ANR PL NA033/07,,108722.0,FONTAR,5,1,2008
1,2008/09/03 00:00:00.000,,Diseño e incorporación de nuevos procesos productivos a la fabricación de transformadores utilizando tecnología innovadora para el logro de una producción más limpia.,No publicable,464910.6,2011/04/29 00:00:00.000,10076,ANPCYT,,M,195151.9,464911.5,ANR PL NA013/07,,195151.0,FONTAR,5,1,2008
1,2008/08/26 00:00:00.000,,Reestructuración Fabrica de Transformadores mejorando su condición ambiental y tratamiento adecuado de Máquinas con PCB's.,No publicable,184660.0,2010/02/12 00:00:00.000,10077,ANPCYT,,M,61749.99,123500.0,ANR PL SJ003/07,,91763.33,FONTAR,5,1,2008
1,2008/08/20 00:00:00.000,,'Planta piloto para la obtención de FBRBio',No publicable,596567.18,2013/09/06 00:00:00.000,10080,ANPCYT,,F,268639.64,607664.01,ANR PL NA016/07,,268878.26,FONTAR,5,1,2008
1,2008/04/14 00:00:00.000,,Trazabilidad Agroindustrias de Vinos y Espumantes,No publicable,172294.0,2012/01/13 00:00:00.000,6140,ANPCYT,,M,85000.0,172294.0,ANR FONSOFT NA075/06,,85000.0,FONSOFT,1,1,2008
1,2008/10/31 00:00:00.000,,"Análisis, Desarrollo e Implementación de un Software multiplataforma Multiproveedor y Comparador de Hoteles para la Industria del Turismo en General.",No publicable,399530.07,2013/04/15 00:00:00.000,6573,ANPCYT,,M,195640.0,399530.07,ANR FONSOFT NA012/07,,195640.0,FONSOFT,1,1,2008
1,2008/11/12 00:00:00.000,,"Implementación y Certificación en la norma de calidad ISO 9001:2000, abarcando la actividad de ¿Desarrollo y Mantenimiento de Software¿¿",No publicable,140381.0,2011/05/02 00:00:00.000,6606,ANPCYT,,M,70001.0,140381.0,ANR FONSOFT ER001/07,,70001.0,FONSOFT,1,1,2008
1,2008/10/28 00:00:00.000,,CERTIFICACION ISO 9001 DEL PROCESO DE GESTION DE REQUERIMIENTOS EN LA FABRICA DE SOFTWARE,No publicable,95751.55,2009/02/25 00:00:00.000,6615,ANPCYT,,M,45600.0,95751.55,ANR FONSOFT NA104/07,,45600.0,FONSOFT,1,1,2008
1,2008/11/26 00:00:00.000,,Sistema de Gestión Empresarial IG Global.NET.  Desarrollo e Innovación Fase I.,No publicable,400271.0,2012/03/30 00:00:00.000,6616,ANPCYT,,M,199975.0,400271.0,ANR FONSOFT NA073/07,,199975.0,FONSOFT,1,1,2008
1,2008/11/05 00:00:00.000,,Reingeniería del sistema de factura electrónica,No publicable,175675.0,2013/09/30 00:00:00.000,6673,ANPCYT,,M,87800.0,175675.0,ANR FONSOFT NA076/07,,87800.0,FONSOFT,1,1,2008
1,2008/08/08 00:00:00.000,,INVESTIGACION Y DESARROLLO EN NUTRICIÓN Y SANIDAD IN-OVO PARA AVES,No publicable,1319263.0,2013/01/04 00:00:00.000,10903,ANPCYT,,M,414696.0,1319263.0,ANR I+D NA 029/07,,414696.0,FONTAR,1,1,2008
1,2008/11/12 00:00:00.000,,Ampliación de área I+D e incorporación de nanotecnología aplicada a medicamentos,No publicable,1001926.79,2013/10/11 00:00:00.000,10904,ANPCYT,,M,336300.0,1001926.79,ANR I+D NA 032/07,,336300.0,FONTAR,1,1,2008
1,2008/07/30 00:00:00.000,,Creación de un laboratorio de investigación y desarrollo para síntesis de drogas farmacológicamente activas,No publicable,2946322.4,2012/09/14 00:00:00.000,10906,ANPCYT,,S/D,582724.0,2780722.4,ANR I+D NA 004/07,,582724.0,FONTAR,1,1,2008
1,2008/08/06 00:00:00.000,,NUEVOS PROCESOS BIOTECNOLÓGICOS,No publicable,932700.0,2012/12/28 00:00:00.000,10907,ANPCYT,,M,363300.0,932700.0,ANR I+D NA 011/07,,363300.0,FONTAR,1,1,2008
1,2008/11/11 00:00:00.000,,Gestióna: Desarrollo de una arquitectura avanzada sobre tecnologíoa Ajax y JSF para servicios de gestión de expedientes,No publicable,1327305.4,2010/01/22 00:00:00.000,10916,ANPCYT,,M,585527.0,1327305.4,ANR IB NA 006/07,,585527.0,FONTAR,4,1,2008
1,2008/10/30 00:00:00.000,,Technisys S.A,No publicable,686230.9,2009/09/11 00:00:00.000,10917,ANPCYT,,M,307034.0,616030.3,ANR IB NA 002/07,,339852.2,FONTAR,4,1,2008
1,2008/05/09 00:00:00.000,,Desarrollo de máquina ensambladora para interruptor prefit,No publicable,432518.5,2011/02/09 00:00:00.000,12113,ANPCYT,,M,432518.5,432518.5,CF BA 001/07,,0.0,FONTAR,11,1,2008
1,2008/05/12 00:00:00.000,,"Desarrollo de un Sistema de Automatización integrada para Máquinas Pulverizadoras Autopropulsadas acorde a las nuevas tendencias en electrónica, sistemas hidráulicos y eléctricos del mercado agrícola nacional e internacional.",No publicable,654451.4,2009/10/06 00:00:00.000,12114,ANPCYT,,M,654451.4,654451.4,CF NA 041/07,,0.0,FONTAR,11,1,2008
1,2008/05/09 00:00:00.000,,ANALISIS DE GERMOPLASMA DE LAS ESPECIES FESTUCA ARUNDINACEA Y LOTUS SP- Su adaptación a nuevos ambientes y su paquete tecnológico de uso.,No publicable,550964.0,2010/06/08 00:00:00.000,12118,ANPCYT,,M,550964.0,550964.0,CF NA 004/07,,0.0,FONTAR,11,1,2008
1,2008/05/09 00:00:00.000,,Mejoramiento genético de especies forrajeras templadas adaptadas a condiciones de suelos deprimidos,No publicable,482616.0,2010/06/08 00:00:00.000,12119,ANPCYT,,M,482616.0,482616.0,CF NA 005/07,,0.0,FONTAR,11,1,2008
1,2008/08/22 00:00:00.000,,Ampliación y desarrollo de invernadero de última generación.,No publicable,342371.0,2009/10/30 00:00:00.000,12122,ANPCYT,,M,342371.0,342371.0,CF ME 003/07,,0.0,FONTAR,11,1,2008
1,2008/06/19 00:00:00.000,,Investigación y Desarrollo de Equipo de Anestésico tópico por Hipotermia,No publicable,198519.5,2012/08/01 00:00:00.000,12133,ANPCYT,,S/D,198519.5,198519.5,CF BA 015/07,,0.0,FONTAR,11,1,2008
1,2008/07/18 00:00:00.000,,Montaje de un Laboratorio para la medición que permita el Etiquetado de Eficiencia Energética de Lámparas eléctricas incandescentes y fluorescentes y la determinación de la vida útil de las lámparas.,No publicable,481133.04,2008/11/28 00:00:00.000,12136,ANPCYT,,M,481133.04,481133.04,CF NA 056/07,,0.0,FONTAR,11,1,2008
1,2008/06/26 00:00:00.000,,Desarrollo de Nuevos productos y Reestructuración Tecnológica productiva para mejorar competitividad y aumentar la participación en el Mercado Automotriz.,No publicable,1230750.0,2009/07/16 00:00:00.000,12139,ANPCYT,,M,1230750.0,1230750.0,CF SF 013/07,,0.0,FONTAR,11,1,2008
1,2008/06/10 00:00:00.000,,Nueva linea de llaves y tapas de luz de diseño innovador y costo altamente competitivo a nivel Internacional.,No publicable,1095491.0,2009/07/06 00:00:00.000,12140,ANPCYT,,M,1095491.0,1095491.0,CF NA 053/07,,0.0,FONTAR,11,1,2008
1,2008/05/30 00:00:00.000,,"Modernización de los procesos productivos a través de  la implementación de Tecnología de Montaje Superficial de Componentes (SMT) , para el incremento de la productividad y la capacidad innovadora de la empresa",No publicable,318339.0,2009/10/30 00:00:00.000,12152,ANPCYT,,M,318339.0,318339.0,CF NA 023/07,,0.0,FONTAR,11,1,2008
1,2008/06/24 00:00:00.000,,"Compra de Centro de mecanizado y Maquina de soldar por laser, para la mejora en la capacidad de acceso a mercados de Flexar SRL",No publicable,554944.53,2011/09/07 00:00:00.000,12165,ANPCYT,,M,554944.53,554944.53,CF NA 092/07,,0.0,FONTAR,11,1,2008
1,2008/06/19 00:00:00.000,,Conductores eléctricos resistentes al fuego con sello U.L.,No publicable,1416873.34,2011/02/23 00:00:00.000,12169,ANPCYT,,M,1416873.34,1416873.34,CF NA 003/07,,0.0,FONTAR,11,1,2008
1,2008/05/09 00:00:00.000,,SISTEMA INTELIGENTE PARA VIVIENDAS,No publicable,293557.34,2009/06/04 00:00:00.000,12183,ANPCYT,,M,293557.34,293557.34,CF NA 013/07,,0.0,FONTAR,11,1,2008
1,2008/05/30 00:00:00.000,,"Desarrollo y modernizacion  de procesos de terminacion de piezas, pintura y control de productos semiterminados",No publicable,758776.28,2010/11/23 00:00:00.000,12192,ANPCYT,,M,758776.28,758776.28,CF NA 098/07,,0.0,FONTAR,11,1,2008
1,2008/06/04 00:00:00.000,,FABRICACION DE MAQUINA ENVASADORA TERMOFORMADORA CON DOBLE DECOR SERVOCONTROLADA,No publicable,544524.0,2009/03/09 00:00:00.000,12194,ANPCYT,,M,544524.0,544524.0,CF SF 010/07,,0.0,FONTAR,11,1,2008
1,2008/05/30 00:00:00.000,,"Diseño, desarrollo y fabricación de máquinas industriales extrusoras para elaboración de alimento de alto valor proteícos",No publicable,946632.4,2009/06/24 00:00:00.000,12195,ANPCYT,,F,946632.4,946632.4,CF NA 061/07,,0.0,FONTAR,11,1,2008
1,2008/05/30 00:00:00.000,,Modernización tecnológica para la fabricación de nuevos productos y ampliación de la capacidad actual.,No publicable,1220944.0,2009/09/08 00:00:00.000,12206,ANPCYT,,M,1220944.0,1220944.0,CF NA 059/07,,0.0,FONTAR,11,1,2008
1,2008/02/04 00:00:00.000,,Nueva linea de proceso de frutas citricas,No publicable,729600.0,2008/04/07 00:00:00.000,12974,ANPCYT,,M,583680.0,729600.0,CAE I 201 FRA,,583680.0,FONTAR,9,1,2008
1,2008/03/04 00:00:00.000,,Incorporación tecnológica de extratores automáticos de pezoneras,No publicable,66969.79,2008/03/04 00:00:00.000,12995,ANPCYT,,F,53575.0,66969.79,CAE I 230 SFE,,53575.0,FONTAR,9,1,2008
1,2008/10/27 00:00:00.000,,SIA (SISTEMA INTEGRAL AGROPECUARIO),No publicable,298030.0,2011/07/22 00:00:00.000,7233,ANPCYT,,M,90025.0,206478.0,EMP FONSOFT NA027/07,,90025.0,FONSOFT,13,1,2008
1,2008/09/23 00:00:00.000,,ePD (electronic Planning Director),No publicable,195280.0,2011/03/17 00:00:00.000,7234,ANPCYT,,S/D,97000.0,195280.0,EMP Fonsoft NA038/07,,97000.0,FONSOFT,13,1,2008
1,2008/10/01 00:00:00.000,,CRM-Gestión de relación con clientes,No publicable,105248.0,2010/05/27 00:00:00.000,7235,ANPCYT,,M,41786.0,105248.0,EMP FONSOFT BA001/07,,41786.0,FONSOFT,13,1,2008
1,2008/10/21 00:00:00.000,,"Desarrollo WEB y móvil del Sistema de Gestión Comercial, Promoción y Lanzamiento del mismo a nivel Regional",No publicable,66635.12,2012/06/18 00:00:00.000,7240,ANPCYT,,M,28282.24,66635.12,EMP Fonsoft NA071/07,,28282.24,FONSOFT,13,1,2008
1,2008/10/02 00:00:00.000,,Desarrollo de software CRM y de administración de RRHH,No publicable,121972.0,2011/01/13 00:00:00.000,7244,ANPCYT,,M,57800.0,121972.0,EMP FONSOFT CO011/07,,57800.0,FONSOFT,13,1,2008
1,2008/08/25 00:00:00.000,,"Sistema de administración integral para la pequeña y mediana empresa, orientado a trazabilidad.",No publicable,99571.0,2010/12/16 00:00:00.000,7247,ANPCYT,,M,44002.0,88076.0,EMP FONSOFT CO012/07,,48987.0,FONSOFT,13,1,2008
1,2008/10/20 00:00:00.000,,Sistema de Monitoreo Global,No publicable,69766.0,2011/06/03 00:00:00.000,7251,ANPCYT,,M,34850.0,69766.0,EMP Fonsoft NA088/07,,34850.0,FONSOFT,13,1,2008
1,2008/10/20 00:00:00.000,,e-commerce para telefonía móvil,No publicable,95022.0,2010/09/23 00:00:00.000,7252,ANPCYT,,F,45130.0,95022.0,EMP FONSOFT NA010/07,,45130.0,FONSOFT,13,1,2008
1,2008/12/16 00:00:00.000,,"Sistema de Ubicación Geográfica, Información y Servicios para Turistas y Viajeros",No publicable,211060.0,2010/06/30 00:00:00.000,7256,ANPCYT,,M,77094.95,173758.0,EMP Fonsoft NA079/07,,95094.0,FONSOFT,13,1,2008
1,2008/11/25 00:00:00.000,,ATENCION PERSONALIZADA VIRTUAL CON AUDIO EN TIEMPO REAL,No publicable,148348.0,2011/06/17 00:00:00.000,7264,ANPCYT,,S/D,72117.0,148348.0,EMP FONSOFT NA009/07,,72117.0,FONSOFT,13,1,2008
1,2008/11/19 00:00:00.000,,Software agropecuario para una mejor gestión de la información: primeros desarrollos de una empresa en formación ('Uni-Agrosoft'),No publicable,224240.0,2011/04/14 00:00:00.000,7266,ANPCYT,,M,96000.0,216240.0,EMP Fonsoft NA041/07,,100000.0,FONSOFT,13,1,2008
1,2008/10/22 00:00:00.000,,"Sistema de trazabilidad de Historias Clínicas mediante huella digital, administración centralizada de Obras Sociales y Gestión Integral  para Centros de Salud.",No publicable,200095.0,2012/07/27 00:00:00.000,7267,ANPCYT,,M,57396.01,115347.54,EMP FONSOFT CO004/07,,98720.0,FONSOFT,13,1,2008
1,2008/09/02 00:00:00.000,,Framework de Desarrollo de Aplicaciones Web,No publicable,188800.0,2011/03/10 00:00:00.000,7278,ANPCYT,,M,94000.0,188800.0,EMP FONSOFT NA059/07,,94000.0,FONSOFT,13,1,2008
1,2008/10/08 00:00:00.000,,"Desarrollo de software para el estudio de la señal  electrocardiográfica y su graficación en doce derivaciones simultaneas, adquiridas de un electrocardiógrafo de fabricación propia.",No publicable,85080.25,2010/10/29 00:00:00.000,7281,ANPCYT,,M,42516.25,85080.25,EMP FONSOFT ER002/07,,42516.25,FONSOFT,13,1,2008
1,2008/09/22 00:00:00.000,,AgroSIGA Sistema integrado de Gestión Georeferenciada (GIS) multiplataforma (web y mobile) para pequeños y grandes productores Agropecuarios,No publicable,198050.0,2011/07/22 00:00:00.000,7286,ANPCYT,,M,99000.0,198050.0,EMP FONSOFT CO014/07,,99000.0,FONSOFT,13,1,2008
1,2008/11/27 00:00:00.000,,"Sistema de administracion, seguimiento, control, trazabilidad de procesos existentes en una organización.",No publicable,155608.0,2010/09/23 00:00:00.000,7289,ANPCYT,,M,77804.0,155608.0,EMP Fonsoft NA139/07,,77804.0,FONSOFT,13,1,2008
1,2008/09/12 00:00:00.000,,"AgriWeb - Plataforma de gestión, comunicación, y procesamiento de servicios de análisis de datos y recomendaciones de agricultura de precisión",No publicable,103365.03,2010/04/29 00:00:00.000,7290,ANPCYT,,M,31662.29,78972.65,EMP FONSOFT NA043/07,,47893.39,FONSOFT,13,1,2008
1,2008/11/04 00:00:00.000,,Desarrollo de extensión de código abierto para Joomla de reservas online,No publicable,183800.0,2010/10/29 00:00:00.000,7291,ANPCYT,,M,91750.0,183800.0,EMP Fonsoft SF010/07,,91750.0,FONSOFT,13,1,2008
1,2008/09/11 00:00:00.000,,Sistema integral de servicios de imágenes panorámicas.,No publicable,223238.0,2010/11/11 00:00:00.000,7293,ANPCYT,,M,100000.0,223238.0,EMP FONSOFT SF009/07,,100000.0,FONSOFT,13,1,2008
1,2008/10/22 00:00:00.000,,Solución ASP para administración de consultorios médicos,No publicable,154600.0,2011/02/18 00:00:00.000,7294,ANPCYT,,M,77300.0,154600.0,EMP FONSOFT NA006/07,,77300.0,FONSOFT,13,1,2008
1,2008/10/27 00:00:00.000,,AUTOMATIZACIÓN DE SISTEMAS DE TELEVISIÓN,No publicable,201638.34,2010/06/10 00:00:00.000,7296,ANPCYT,,M,80726.67,166193.7,EMP Fonsoft NA108/07,,98446.67,FONSOFT,13,1,2008
1,2008/10/21 00:00:00.000,,SISTEMA DOBLE DE NUMERACIÓN POR SOFTWARE PARA IMPRENTAS,No publicable,53708.0,2010/04/29 00:00:00.000,7297,ANPCYT,,M,23340.0,53708.0,EMP Fonsoft NA070/07,,26340.0,FONSOFT,13,1,2008
1,2008/08/27 00:00:00.000,,DENTILOGIC,No publicable,93054.0,2010/07/30 00:00:00.000,7298,ANPCYT,,M,46500.0,93054.0,EMP Fonsoft NA067/07,,46500.0,FONSOFT,13,1,2008
1,2008/12/18 00:00:00.000,,FRAMEWORK PARA EL DESARROLLO DE VIDEOJUEGOS 3D DE ULTIMA GENERACION,No publicable,253940.88,2011/02/08 00:00:00.000,7305,ANPCYT,,M,98196.88,253940.88,EMP Fonsoft NA124/07,,98196.88,FONSOFT,13,1,2008
1,2008/09/22 00:00:00.000,,DISPOSITIVOS DE SEGURIDAD INFORMATICA CON SERVICIOS INTEGRABLES Y ESCALABLES,No publicable,187754.0,2011/03/03 00:00:00.000,7313,ANPCYT,,M,74000.0,148304.0,EMP FONSOFT TU002/07,,93500.0,FONSOFT,13,1,2008
1,2008/08/29 00:00:00.000,,Desarrollo de Juegos Casuales Descargables,No publicable,88806.0,2010/10/29 00:00:00.000,7314,ANPCYT,,S/D,40980.0,88806.0,EMP FONSOFT SF012/07,,40980.0,FONSOFT,13,1,2008
1,2008/10/03 00:00:00.000,,EVOSISTEMAS ERX ( ERP PARA LINUX / WINDOWS 32 BITS ),No publicable,137241.0,2012/10/22 00:00:00.000,7319,ANPCYT,,M,56171.0,137241.0,EMP FONSOFT NA057/07,,56171.0,FONSOFT,13,1,2008
1,2008/09/30 00:00:00.000,,Sistema de Gestión Integral para Centros de Turismo Invernal y Actividades Deportivas,No publicable,252648.8,2012/11/20 00:00:00.000,7320,ANPCYT,,M,98500.0,252648.8,EMP FONSOFT NA049/07,,98500.0,FONSOFT,13,1,2008
1,2008/11/26 00:00:00.000,,Innovate,No publicable,238536.0,2010/07/30 00:00:00.000,7322,ANPCYT,,M,96000.0,238536.0,EMP FONSOFT NA121/07,,96000.0,FONSOFT,13,1,2008
1,2008/10/28 00:00:00.000,,"Cyberseg Broker, sistema de gestión compartida de seguros con transmisión propia de datos vía Web entre oficinas de productores y brokers.",No publicable,461017.0,2011/01/13 00:00:00.000,7326,ANPCYT,,M,99808.0,461017.0,EMP FONSOFT NA101/07,,99808.0,FONSOFT,13,1,2008
1,2008/08/29 00:00:00.000,,"Desarrollo de plataforma de educación y colaboración a distancia de última generación, integrada dentro de una comunidad en línea que permita conectar a través de Internet  a docentes y estudiantes de cualquier parte del mundo para complementar y enriquec",No publicable,232664.0,2009/03/25 00:00:00.000,7332,ANPCYT,,M,99658.0,232664.0,EMP FONSOFT NA045/07,,99658.0,FONSOFT,13,1,2008
